상품번호,상품명,판매가격,재고수량
768848,[STANLEY] GO CERAMIVAC 진공 텀블러/보틀 3종,"21,000원",45
748943,디오디너리 데일리 세트 (Daily set),"19,000원",89
779989,버드와이저 HOME DJing 굿즈 세트,"35,000원",43
779943,Fabrik Pottery Flat Cup & Saucer - Mint,"24,900원",89
768110,네페라 손 세정제 대용량 500ml 이딸눔유지,"7,000원",79
517643,에어팟프로 AirPods PRO 블루투스 이어폰(MWP22KH/A),"260,800원",26
706803,ZEROVITY™ Flip Flop Cream 2.0 (Z-FF-CRAJ-),"38,000원",81
759928,마스크 스트랩 분실방지 오염방지 목걸이,"2,800원",85
213341,2OSS 오픈 카라/루 버튼 피케 티셔츠 (6color),"33,250원",99
377169,[29Edition.]_[_스페셜구성] 뉴로트베이직 브라렛 세트 (브라1+팬티2),"24,900원",60
744775,SHUT UP [TK00112],"28,000원",35
779049,[리퍼브/키친마켓] Fabrik Pottery Cup  Saucer (단품),"10,000원",64
611019,플루크 new 피그먼트 오버핏 반팔티셔츠 FST701 / 7color M,"19,800원",7
628066,무설탕 프로틴 초콜릿 틸틀스,"12,900원",8
502480,[29Edition.]_[스페셜구성] 렉시 브라렛 세트(브라1+팬티2),"24,900원",41
782858,폴로 랄프 로렌 남성 수영복반바지 컬렉션 (51color),"39,500원",50
760709,파버카스텔 연필 1자루,200원,70
778422,캠핑덕 우드롤테이블,"45,000원",7
648418,BS 02-2A DAYPACK 26 (BLACK),"238,000원",5